N,TBP,N_ITER,TIME,PI
256,16,12800,25509,3.142908
256,32,12800,25758,3.142908
256,64,12800,25311,3.142908
256,128,12800,25647,3.142908
256,256,12800,28040,3.142908